Workbook

Sheet Read Me
A1: Where the seconds of a replay query go — full scale
A2: One timing per QUERY, named after the query. Nothing here is attributed to a codec step, because nothing in the store measures one.
A4: dataset | B4: debs_solar_panels, 42,700,000 rows x 28 B = 1,195,600,000 B stored
A5: input | B5: 1,489,260,482 B of CSV text
A6: unit sizes | B6: 256 KB, 1024 KB, 16384 KB (FileStore segment / LossyStore group / CompressedStore segment)
A7: capacity | B7: FileStore totalSize 4096 MB over 4 files, as in solar_standalone.csv
A8: build | B8: Benchmark (-O3 -DNDEBUG, NO_ASSERT, log level NONE). NOT the Debug build the rest of results/ was measured in, where the read path is ~88% build overhead.
A9: repeats | B9: N=3, median reported, slowest repeat shown alongside
A11: WHAT A NUMBER HERE IS
B12: systest reports RunningQuery::getElapsedTime(), which is `stop - running` (SystestState.cpp:389). Every time in this workbook is EXECUTION only.
B13: QueryMetrics also carries `start` (QueryStatus.hpp:44), so `running - start` -- registration, planning, query compilation, opening the store -- is real, and systest does not print it. It is NOT in these numbers.
A15: WHAT IS NOT MEASURED, AND WHY NOT
A16: source/sink creation | B16: systest runs CREATE during setup and never times it; its parser handles only CREATE and QUERY tokens. There is no client binary in this tree to submit statements one at a time, and they are catalog metadata -- milliseconds against seconds of process startup, so process-level differencing would measure noise.
A17: encode / decode time | B17: No store carries a timer. LossyStore exposes debugDecodeCount, which is a COUNT (LossyStore.hpp:159). Differencing two query times does not isolate a codec: Q5-Q3 holds zstd AND every other way a CompressedStore write differs from a FileStore write. That belongs in a micro-benchmark against Quantize/Primitives/CompressionCodec directly.
A18: per-row engine cost | B18: A query time is the whole pipeline: source, parse, operator, store, sink.
A20: READ THIS BEFORE QUOTING A DIFFERENCE
A21: differences | B21: A pairwise difference is a WHOLE-QUERY difference. It is not a codec step time. On this workload Q6-Q4 comes out NEGATIVE, which is absurd as a decode time and entirely sensible as "the CompressedStore read finishes sooner than the FileStore read". The Comparisons sheet says so on its own face.

Sheet Summary
A1: Summary
A2: The three charts worth taking away, and what each one settles.
A4: 1. EXECUTION SECONDS, EVERY QUERY
A5: Query | B5: 256 KB | C5: 1024 KB | D5: 16384 KB
A6: Q1 normal query, 4 cols | B6: =SUMIFS(Queries!$H:$H,Queries!$E:$E,1,Queries!$B:$B,256) -> 20.8994 | C6: =SUMIFS(Queries!$H:$H,Queries!$E:$E,1,Queries!$B:$B,1024) -> 21.3942 | D6: =SUMIFS(Queries!$H:$H,Queries!$E:$E,1,Queries!$B:$B,16384) -> 21.5476
A7: Q2 normal query, 1 col | B7: =SUMIFS(Queries!$H:$H,Queries!$E:$E,2,Queries!$B:$B,256) -> 20.5088 | C7: =SUMIFS(Queries!$H:$H,Queries!$E:$E,2,Queries!$B:$B,1024) -> 21.1534 | D7: =SUMIFS(Queries!$H:$H,Queries!$E:$E,2,Queries!$B:$B,16384) -> 21.0363
A8: Q3 FileStore write | B8: =SUMIFS(Queries!$H:$H,Queries!$E:$E,3,Queries!$B:$B,256) -> 27.3039 | C8: =SUMIFS(Queries!$H:$H,Queries!$E:$E,3,Queries!$B:$B,1024) -> 27.0907 | D8: =SUMIFS(Queries!$H:$H,Queries!$E:$E,3,Queries!$B:$B,16384) -> 27.3343
A9: Q4 FileStore read | B9: =SUMIFS(Queries!$H:$H,Queries!$E:$E,4,Queries!$B:$B,256) -> 9.8788 | C9: =SUMIFS(Queries!$H:$H,Queries!$E:$E,4,Queries!$B:$B,1024) -> 9.944 | D9: =SUMIFS(Queries!$H:$H,Queries!$E:$E,4,Queries!$B:$B,16384) -> 10.1485
A10: Q5 CompressedStore write | B10: =SUMIFS(Queries!$H:$H,Queries!$E:$E,5,Queries!$B:$B,256) -> 33.4047 | C10: =SUMIFS(Queries!$H:$H,Queries!$E:$E,5,Queries!$B:$B,1024) -> 34.5549 | D10: =SUMIFS(Queries!$H:$H,Queries!$E:$E,5,Queries!$B:$B,16384) -> 34.809
A11: Q6 CompressedStore read | B11: =SUMIFS(Queries!$H:$H,Queries!$E:$E,6,Queries!$B:$B,256) -> 9.8696 | C11: =SUMIFS(Queries!$H:$H,Queries!$E:$E,6,Queries!$B:$B,1024) -> 10.0526 | D11: =SUMIFS(Queries!$H:$H,Queries!$E:$E,6,Queries!$B:$B,16384) -> 9.8745
A12: Q7 LossyStore lossless write | B12: =SUMIFS(Queries!$H:$H,Queries!$E:$E,7,Queries!$B:$B,256) -> 30.789 | C12: =SUMIFS(Queries!$H:$H,Queries!$E:$E,7,Queries!$B:$B,1024) -> 31.7301 | D12: =SUMIFS(Queries!$H:$H,Queries!$E:$E,7,Queries!$B:$B,16384) -> 32.5692
A13: Q8 LossyStore lossless read | B13: =SUMIFS(Queries!$H:$H,Queries!$E:$E,8,Queries!$B:$B,256) -> 9.9757 | C13: =SUMIFS(Queries!$H:$H,Queries!$E:$E,8,Queries!$B:$B,1024) -> 9.9231 | D13: =SUMIFS(Queries!$H:$H,Queries!$E:$E,8,Queries!$B:$B,16384) -> 10.1539
A14: Q9 LossyStore 1% write | B14: =SUMIFS(Queries!$H:$H,Queries!$E:$E,9,Queries!$B:$B,256) -> 30.791 | C14: =SUMIFS(Queries!$H:$H,Queries!$E:$E,9,Queries!$B:$B,1024) -> 30.8547 | D14: =SUMIFS(Queries!$H:$H,Queries!$E:$E,9,Queries!$B:$B,16384) -> 31.556
A15: Q10 LossyStore 1% read | B15: =SUMIFS(Queries!$H:$H,Queries!$E:$E,10,Queries!$B:$B,256) -> 9.9663 | C15: =SUMIFS(Queries!$H:$H,Queries!$E:$E,10,Queries!$B:$B,1024) -> 9.9551 | D15: =SUMIFS(Queries!$H:$H,Queries!$E:$E,10,Queries!$B:$B,16384) -> 10.3767
A38: WHAT THIS SHOWS | B38: Ten queries, timed separately. No grouping into a write path and a read path.
A39: WHAT TO LOOK FOR | B39: A write is 27-34 s, a read 9-11 s. The difference is the CSV: the write path parses it and the read path never sees it.
A41: Stage | B41: 256 KB | C41: 1024 KB | D41: 16384 KB
A42: write: CSV read + parse + sink (= normal query) | B42: =SUMIFS(Stages!$D:$D,Stages!$C:$C,"write: CSV read + parse + sink (= normal query)",Stages!$B:$B,256) -> 0 | C42: =SUMIFS(Stages!$D:$D,Stages!$C:$C,"write: CSV read + parse + sink (= normal query)",Stages!$B:$B,1024) -> 0 | D42: =SUMIFS(Stages!$D:$D,Stages!$C:$C,"write: CSV read + parse + sink (= normal query)",Stages!$B:$B,16384) -> 0
A43: write: store write, no codec | B43: =SUMIFS(Stages!$D:$D,Stages!$C:$C,"write: store write, no codec",Stages!$B:$B,256) -> 0 | C43: =SUMIFS(Stages!$D:$D,Stages!$C:$C,"write: store write, no codec",Stages!$B:$B,1024) -> 0 | D43: =SUMIFS(Stages!$D:$D,Stages!$C:$C,"write: store write, no codec",Stages!$B:$B,16384) -> 0
A44: read: store read floor, no codec | B44: =SUMIFS(Stages!$D:$D,Stages!$C:$C,"read: store read floor, no codec",Stages!$B:$B,256) -> 0 | C44: =SUMIFS(Stages!$D:$D,Stages!$C:$C,"read: store read floor, no codec",Stages!$B:$B,1024) -> 0 | D44: =SUMIFS(Stages!$D:$D,Stages!$C:$C,"read: store read floor, no codec",Stages!$B:$B,16384) -> 0
A67: WHAT THIS SHOWS | B67: The only three rows in this workbook that are a single query rather than a subtraction.
A68: WHAT TO LOOK FOR | B68: CSV parse ~75% of a write query, store write ~25%, and a read-back about a third of a write. Those three hold to within a percent across both unit sizes and both scales tried.
A70: 3. COMPRESSION RATIO
A71: Query | B71: 256 KB | C71: 1024 KB | D71: 16384 KB
A72: FileStore | B72: =SUMIFS(Queries!$T:$T,Queries!$E:$E,3,Queries!$B:$B,256) -> 0.9997 | C72: =SUMIFS(Queries!$T:$T,Queries!$E:$E,3,Queries!$B:$B,1024) -> 0.9999 | D72: =SUMIFS(Queries!$T:$T,Queries!$E:$E,3,Queries!$B:$B,16384) -> 1
A73: CompressedStore | B73: =SUMIFS(Queries!$T:$T,Queries!$E:$E,5,Queries!$B:$B,256) -> 1.65 | C73: =SUMIFS(Queries!$T:$T,Queries!$E:$E,5,Queries!$B:$B,1024) -> 1.6516 | D73: =SUMIFS(Queries!$T:$T,Queries!$E:$E,5,Queries!$B:$B,16384) -> 1.652
A74: LossyStore lossless | B74: =SUMIFS(Queries!$T:$T,Queries!$E:$E,7,Queries!$B:$B,256) -> 1.8586 | C74: =SUMIFS(Queries!$T:$T,Queries!$E:$E,7,Queries!$B:$B,1024) -> 1.8679 | D74: =SUMIFS(Queries!$T:$T,Queries!$E:$E,7,Queries!$B:$B,16384) -> 1.835
A75: LossyStore 1% | B75: =SUMIFS(Queries!$T:$T,Queries!$E:$E,9,Queries!$B:$B,256) -> 3.1889 | C75: =SUMIFS(Queries!$T:$T,Queries!$E:$E,9,Queries!$B:$B,1024) -> 3.1013 | D75: =SUMIFS(Queries!$T:$T,Queries!$E:$E,9,Queries!$B:$B,16384) -> 2.9721
A98: WHAT THIS SHOWS | B98: Stored bytes over bytes on disk, per configuration.
A99: WHAT TO LOOK FOR | B99: This is the part of the workbook that does not depend on the build, the machine, or the run: it reproduces the Debug-build sweep exactly. Quote these; treat the seconds as comparisons between configurations on one machine.
A101: WHAT CHANGED IN THE STORE SINCE THE DEBUG SWEEP
A102: 6ba85c1cbb | B102: FileStore locates read units by position instead of flattening every segment on every call. No measurable change at this store size -- the old vector fit in L2 -- and the cost it removes grows with retention, not with the query.
A103: 1492ece8a7 | B103: FileStore copies only the window of the unsealed segment a read can consume, instead of the whole segment on every call.
A104: not applied | B104: The read-ahead buffer. FileStore still issues one pread per destination buffer, which is part of why the compressed read-backs beat it.

Sheet Queries
A1: dataset | B1: unit_kb | C1: filestore_total_mb | D1: filestore_files_at_capacity | E1: query_no | F1: query | G1: path | H1: seconds | I1: sec_min | J1: sec_max | K1: runs | L1: rows | M1: row_width_bytes | N1: stored_bytes | O1: csv_bytes | P1: rows_per_s | Q1: mb_per_s_stored | R1: mb_per_s_csv | S1: disk_bytes | T1: ratio
A2: debs_solar_panels | B2: 256 | C2: 4096 | D2: 4 | E2: 1 | F2: normal query | G2: CSV -> sink | H2: 20.8994 | I2: 20.8708 | J2: 21.8027 | K2: 3 | L2: 42700000 | M2: 28 | N2: 1195600000 | O2: 1489260482 | P2: 2043120.9 | Q2: 57.207 | R2: 71.259
A3: debs_solar_panels | B3: 256 | C3: 4096 | D3: 4 | E3: 2 | F3: normal query, 1 column out | G3: CSV -> sink | H3: 20.5088 | I3: 20.4638 | J3: 20.8408 | K3: 3 | L3: 42700000 | M3: 28 | N3: 1195600000 | O3: 1489260482 | P3: 2082033.1 | Q3: 58.297 | R3: 72.616
A4: debs_solar_panels | B4: 256 | C4: 4096 | D4: 4 | E4: 3 | F4: write FileStore | G4: CSV -> store | H4: 27.3039 | I4: 27.1867 | J4: 27.8275 | K4: 3 | L4: 42700000 | M4: 28 | N4: 1195600000 | O4: 1489260482 | P4: 1563879.2 | Q4: 43.789 | R4: 54.544 | S4: 1195928436 | T4: 0.9997
A5: debs_solar_panels | B5: 256 | C5: 4096 | D5: 4 | E5: 4 | F5: read FileStore | G5: store -> sink | H5: 9.8788 | I5: 9.8758 | J5: 10.0758 | K5: 3 | L5: 42700000 | M5: 28 | N5: 1195600000 | O5: 1489260482 | P5: 4322369.8 | Q5: 121.026
A6: debs_solar_panels | B6: 256 | C6: 4096 | D6: 4 | E6: 5 | F6: write CompressedStore | G6: CSV -> store | H6: 33.4047 | I6: 33.1374 | J6: 33.769 | K6: 3 | L6: 42700000 | M6: 28 | N6: 1195600000 | O6: 1489260482 | P6: 1278263.2 | Q6: 35.791 | R6: 44.582 | S6: 724616220 | T6: 1.65
A7: debs_solar_panels | B7: 256 | C7: 4096 | D7: 4 | E7: 6 | F7: read CompressedStore | G7: store -> sink | H7: 9.8696 | I7: 9.833 | J7: 9.9502 | K7: 3 | L7: 42700000 | M7: 28 | N7: 1195600000 | O7: 1489260482 | P7: 4326420.9 | Q7: 121.14
A8: debs_solar_panels | B8: 256 | C8: 4096 | D8: 4 | E8: 7 | F8: write LossyStore lossless | G8: CSV -> store | H8: 30.789 | I8: 30.7546 | J8: 31.3929 | K8: 3 | L8: 42700000 | M8: 28 | N8: 1195600000 | O8: 1489260482 | P8: 1386858.9 | Q8: 38.832 | R8: 48.37 | S8: 643275922 | T8: 1.8586
A9: debs_solar_panels | B9: 256 | C9: 4096 | D9: 4 | E9: 8 | F9: read LossyStore lossless | G9: store -> sink | H9: 9.9757 | I9: 9.8048 | J9: 10.2325 | K9: 3 | L9: 42700000 | M9: 28 | N9: 1195600000 | O9: 1489260482 | P9: 4280414.2 | Q9: 119.852
A10: debs_solar_panels | B10: 256 | C10: 4096 | D10: 4 | E10: 9 | F10: write LossyStore 1% | G10: CSV -> store | H10: 30.791 | I10: 30.6852 | J10: 31.9041 | K10: 3 | L10: 42700000 | M10: 28 | N10: 1195600000 | O10: 1489260482 | P10: 1386768.9 | Q10: 38.83 | R10: 48.367 | S10: 374923574 | T10: 3.1889
A11: debs_solar_panels | B11: 256 | C11: 4096 | D11: 4 | E11: 10 | F11: read LossyStore 1% | G11: store -> sink | H11: 9.9663 | I11: 9.8873 | J11: 9.9754 | K11: 3 | L11: 42700000 | M11: 28 | N11: 1195600000 | O11: 1489260482 | P11: 4284442.9 | Q11: 119.964
A12: debs_solar_panels | B12: 1024 | C12: 4096 | D12: 4 | E12: 1 | F12: normal query | G12: CSV -> sink | H12: 21.3942 | I12: 21.0695 | J12: 22.4588 | K12: 3 | L12: 42700000 | M12: 28 | N12: 1195600000 | O12: 1489260482 | P12: 1995868 | Q12: 55.884 | R12: 69.61
A13: debs_solar_panels | B13: 1024 | C13: 4096 | D13: 4 | E13: 2 | F13: normal query, 1 column out | G13: CSV -> sink | H13: 21.1534 | I13: 20.9935 | J13: 21.2782 | K13: 3 | L13: 42700000 | M13: 28 | N13: 1195600000 | O13: 1489260482 | P13: 2018588 | Q13: 56.52 | R13: 70.403
A14: debs_solar_panels | B14: 1024 | C14: 4096 | D14: 4 | E14: 3 | F14: write FileStore | G14: CSV -> store | H14: 27.0907 | I14: 26.9803 | J14: 27.8787 | K14: 3 | L14: 42700000 | M14: 28 | N14: 1195600000 | O14: 1489260482 | P14: 1576186.7 | Q14: 44.133 | R14: 54.973 | S14: 1195682676 | T14: 0.9999
A15: debs_solar_panels | B15: 1024 | C15: 4096 | D15: 4 | E15: 4 | F15: read FileStore | G15: store -> sink | H15: 9.944 | I15: 9.8602 | J15: 10.1974 | K15: 3 | L15: 42700000 | M15: 28 | N15: 1195600000 | O15: 1489260482 | P15: 4294033.7 | Q15: 120.233
A16: debs_solar_panels | B16: 1024 | C16: 4096 | D16: 4 | E16: 5 | F16: write CompressedStore | G16: CSV -> store | H16: 34.5549 | I16: 34.2866 | J16: 35.4838 | K16: 3 | L16: 42700000 | M16: 28 | N16: 1195600000 | O16: 1489260482 | P16: 1235714.8 | Q16: 34.6 | R16: 43.098 | S16: 723908636 | T16: 1.6516
A17: debs_solar_panels | B17: 1024 | C17: 4096 | D17: 4 | E17: 6 | F17: read CompressedStore | G17: store -> sink | H17: 10.0526 | I17: 9.7443 | J17: 10.1954 | K17: 3 | L17: 42700000 | M17: 28 | N17: 1195600000 | O17: 1489260482 | P17: 4247657.3 | Q17: 118.934
A18: debs_solar_panels | B18: 1024 | C18: 4096 | D18: 4 | E18: 7 | F18: write LossyStore lossless | G18: CSV -> store | H18: 31.7301 | I18: 31.3377 | J18: 31.9992 | K18: 3 | L18: 42700000 | M18: 28 | N18: 1195600000 | O18: 1489260482 | P18: 1345725.4 | Q18: 37.68 | R18: 46.935 | S18: 640065281 | T18: 1.8679
A19: debs_solar_panels | B19: 1024 | C19: 4096 | D19: 4 | E19: 8 | F19: read LossyStore lossless | G19: store -> sink | H19: 9.9231 | I19: 9.7211 | J19: 9.9617 | K19: 3 | L19: 42700000 | M19: 28 | N19: 1195600000 | O19: 1489260482 | P19: 4303090.8 | Q19: 120.487
A20: debs_solar_panels | B20: 1024 | C20: 4096 | D20: 4 | E20: 9 | F20: write LossyStore 1% | G20: CSV -> store | H20: 30.8547 | I20: 30.2299 | J20: 31.4903 | K20: 3 | L20: 42700000 | M20: 28 | N20: 1195600000 | O20: 1489260482 | P20: 1383905.9 | Q20: 38.749 | R20: 48.267 | S20: 385519644 | T20: 3.1013
A21: debs_solar_panels | B21: 1024 | C21: 4096 | D21: 4 | E21: 10 | F21: read LossyStore 1% | G21: store -> sink | H21: 9.9551 | I21: 9.5795 | J21: 10.2217 | K21: 3 | L21: 42700000 | M21: 28 | N21: 1195600000 | O21: 1489260482 | P21: 4289237.2 | Q21: 120.099
A22: debs_solar_panels | B22: 16384 | C22: 4096 | D22: 4 | E22: 1 | F22: normal query | G22: CSV -> sink | H22: 21.5476 | I22: 21.2836 | J22: 22.2192 | K22: 3 | L22: 42700000 | M22: 28 | N22: 1195600000 | O22: 1489260482 | P22: 1981659.2 | Q22: 55.486 | R22: 69.115
A23: debs_solar_panels | B23: 16384 | C23: 4096 | D23: 4 | E23: 2 | F23: normal query, 1 column out | G23: CSV -> sink | H23: 21.0363 | I23: 20.8851 | J23: 22.0205 | K23: 3 | L23: 42700000 | M23: 28 | N23: 1195600000 | O23: 1489260482 | P23: 2029824.6 | Q23: 56.835 | R23: 70.795
A24: debs_solar_panels | B24: 16384 | C24: 4096 | D24: 4 | E24: 3 | F24: write FileStore | G24: CSV -> store | H24: 27.3343 | I24: 26.833 | J24: 27.6933 | K24: 3 | L24: 42700000 | M24: 28 | N24: 1195600000 | O24: 1489260482 | P24: 1562139.9 | Q24: 43.74 | R24: 54.483 | S24: 1195605876 | T24: 1
A25: debs_solar_panels | B25: 16384 | C25: 4096 | D25: 4 | E25: 4 | F25: read FileStore | G25: store -> sink | H25: 10.1485 | I25: 9.9416 | J25: 10.1536 | K25: 3 | L25: 42700000 | M25: 28 | N25: 1195600000 | O25: 1489260482 | P25: 4207518.4 | Q25: 117.811
A26: debs_solar_panels | B26: 16384 | C26: 4096 | D26: 4 | E26: 5 | F26: write CompressedStore | G26: CSV -> store | H26: 34.809 | I26: 33.9924 | J26: 35.5959 | K26: 3 | L26: 42700000 | M26: 28 | N26: 1195600000 | O26: 1489260482 | P26: 1226694.2 | Q26: 34.347 | R26: 42.784 | S26: 723748236 | T26: 1.652
A27: debs_solar_panels | B27: 16384 | C27: 4096 | D27: 4 | E27: 6 | F27: read CompressedStore | G27: store -> sink | H27: 9.8745 | I27: 9.7266 | J27: 9.9974 | K27: 3 | L27: 42700000 | M27: 28 | N27: 1195600000 | O27: 1489260482 | P27: 4324252.1 | Q27: 121.079
A28: debs_solar_panels | B28: 16384 | C28: 4096 | D28: 4 | E28: 7 | F28: write LossyStore lossless | G28: CSV -> store | H28: 32.5692 | I28: 32.4995 | J28: 33.4945 | K28: 3 | L28: 42700000 | M28: 28 | N28: 1195600000 | O28: 1489260482 | P28: 1311054.6 | Q28: 36.71 | R28: 45.726 | S28: 651555712 | T28: 1.835
A29: debs_solar_panels | B29: 16384 | C29: 4096 | D29: 4 | E29: 8 | F29: read LossyStore lossless | G29: store -> sink | H29: 10.1539 | I29: 9.7668 | J29: 11.9464 | K29: 3 | L29: 42700000 | M29: 28 | N29: 1195600000 | O29: 1489260482 | P29: 4205280.7 | Q29: 117.748
A30: debs_solar_panels | B30: 16384 | C30: 4096 | D30: 4 | E30: 9 | F30: write LossyStore 1% | G30: CSV -> store | H30: 31.556 | I30: 31.32 | J30: 32.2589 | K30: 3 | L30: 42700000 | M30: 28 | N30: 1195600000 | O30: 1489260482 | P30: 1353150 | Q30: 37.888 | R30: 47.194 | S30: 402276030 | T30: 2.9721
A31: debs_solar_panels | B31: 16384 | C31: 4096 | D31: 4 | E31: 10 | F31: read LossyStore 1% | G31: store -> sink | H31: 10.3767 | I31: 10.03 | J31: 10.8092 | K31: 3 | L31: 42700000 | M31: 28 | N31: 1195600000 | O31: 1489260482 | P31: 4114988.4 | Q31: 115.22

Sheet Stages data
A1: dataset | B1: unit_kb | C1: stage | D1: seconds | E1: mb_per_s_stored | F1: share_of_query_pct | G1: of_query_no | H1: runs
A2: debs_solar_panels | B2: 256 | C2: read: + bitpack decode | D2: 0.0968 | E2: 12347.413 | F2: 0.97 | G2: 8 | H2: 3
A3: debs_solar_panels | B3: 256 | C3: read: + full lossy decode | D3: 0.0875 | E3: 13671.812 | F3: 0.88 | G3: 10 | H3: 3
A4: debs_solar_panels | B4: 256 | C4: read: + zstd decode | D4: -0.0092 | F4: -0.09 | G4: 6 | H4: 3
A5: debs_solar_panels | B5: 256 | C5: read: store read floor, no codec | D5: 9.8788 | E5: 121.026 | F5: 100 | G5: 4 | H5: 3
A6: debs_solar_panels | B6: 256 | C6: write: + bitpack encode | D6: 3.4851 | E6: 343.06 | F6: 11.32 | G6: 7 | H6: 3
A7: debs_solar_panels | B7: 256 | C7: write: + quantise+bitpack+zstd | D7: 3.4871 | E7: 342.864 | F7: 11.33 | G7: 9 | H7: 3
A8: debs_solar_panels | B8: 256 | C8: write: + zstd encode | D8: 6.1008 | E8: 195.974 | F8: 18.26 | G8: 5 | H8: 3
A9: debs_solar_panels | B9: 256 | C9: write: CSV read + parse + sink (= normal query) | D9: 20.8994 | E9: 57.207 | F9: 76.54 | G9: 3 | H9: 3
A10: debs_solar_panels | B10: 256 | C10: write: store write, no codec | D10: 6.4045 | E10: 186.681 | F10: 23.46 | G10: 3 | H10: 3
A11: debs_solar_panels | B11: 1024 | C11: read: + bitpack decode | D11: -0.0209 | F11: -0.21 | G11: 8 | H11: 3
A12: debs_solar_panels | B12: 1024 | C12: read: + full lossy decode | D12: 0.0111 | E12: 107517.99 | F12: 0.11 | G12: 10 | H12: 3
A13: debs_solar_panels | B13: 1024 | C13: read: + zstd decode | D13: 0.1086 | E13: 11012.25 | F13: 1.08 | G13: 6 | H13: 3
A14: debs_solar_panels | B14: 1024 | C14: read: store read floor, no codec | D14: 9.944 | E14: 120.233 | F14: 100 | G14: 4 | H14: 3
A15: debs_solar_panels | B15: 1024 | C15: write: + bitpack encode | D15: 4.6394 | E15: 257.706 | F15: 14.62 | G15: 7 | H15: 3
A16: debs_solar_panels | B16: 1024 | C16: write: + quantise+bitpack+zstd | D16: 3.764 | E16: 317.641 | F16: 12.2 | G16: 9 | H16: 3
A17: debs_solar_panels | B17: 1024 | C17: write: + zstd encode | D17: 7.4642 | E17: 160.178 | F17: 21.6 | G17: 5 | H17: 3
A18: debs_solar_panels | B18: 1024 | C18: write: CSV read + parse + sink (= normal query) | D18: 21.3942 | E18: 55.884 | F18: 78.97 | G18: 3 | H18: 3
A19: debs_solar_panels | B19: 1024 | C19: write: store write, no codec | D19: 5.6965 | E19: 209.883 | F19: 21.03 | G19: 3 | H19: 3
A20: debs_solar_panels | B20: 16384 | C20: read: + bitpack decode | D20: 0.0054 | F20: 0.05 | G20: 8 | H20: 3
A21: debs_solar_panels | B21: 16384 | C21: read: + full lossy decode | D21: 0.2282 | E21: 5239.264 | F21: 2.2 | G21: 10 | H21: 3
A22: debs_solar_panels | B22: 16384 | C22: read: + zstd decode | D22: -0.274 | F22: -2.77 | G22: 6 | H22: 3
A23: debs_solar_panels | B23: 16384 | C23: read: store read floor, no codec | D23: 10.1485 | E23: 117.811 | F23: 100 | G23: 4 | H23: 3
A24: debs_solar_panels | B24: 16384 | C24: write: + bitpack encode | D24: 5.2349 | E24: 228.39 | F24: 16.07 | G24: 7 | H24: 3
A25: debs_solar_panels | B25: 16384 | C25: write: + quantise+bitpack+zstd | D25: 4.2217 | E25: 283.203 | F25: 13.38 | G25: 9 | H25: 3
A26: debs_solar_panels | B26: 16384 | C26: write: + zstd encode | D26: 7.4747 | E26: 159.953 | F26: 21.47 | G26: 5 | H26: 3
A27: debs_solar_panels | B27: 16384 | C27: write: CSV read + parse + sink (= normal query) | D27: 21.5476 | E27: 55.486 | F27: 78.83 | G27: 3 | H27: 3
A28: debs_solar_panels | B28: 16384 | C28: write: store write, no codec | D28: 5.7867 | E28: 206.612 | F28: 21.17 | G28: 3 | H28: 3

Sheet Query Times
A1: Execution seconds, per query
A2: Median of the repeats. stop - running; setup and compilation are not in it.
A4: EXECUTION SECONDS
A5: Query | B5: 256 KB | C5: 1024 KB | D5: 16384 KB
A6: Q1 normal query, 4 cols | B6: =SUMIFS(Queries!$H:$H,Queries!$E:$E,1,Queries!$B:$B,256) -> 20.8994 | C6: =SUMIFS(Queries!$H:$H,Queries!$E:$E,1,Queries!$B:$B,1024) -> 21.3942 | D6: =SUMIFS(Queries!$H:$H,Queries!$E:$E,1,Queries!$B:$B,16384) -> 21.5476
A7: Q2 normal query, 1 col | B7: =SUMIFS(Queries!$H:$H,Queries!$E:$E,2,Queries!$B:$B,256) -> 20.5088 | C7: =SUMIFS(Queries!$H:$H,Queries!$E:$E,2,Queries!$B:$B,1024) -> 21.1534 | D7: =SUMIFS(Queries!$H:$H,Queries!$E:$E,2,Queries!$B:$B,16384) -> 21.0363
A8: Q3 FileStore write | B8: =SUMIFS(Queries!$H:$H,Queries!$E:$E,3,Queries!$B:$B,256) -> 27.3039 | C8: =SUMIFS(Queries!$H:$H,Queries!$E:$E,3,Queries!$B:$B,1024) -> 27.0907 | D8: =SUMIFS(Queries!$H:$H,Queries!$E:$E,3,Queries!$B:$B,16384) -> 27.3343
A9: Q4 FileStore read | B9: =SUMIFS(Queries!$H:$H,Queries!$E:$E,4,Queries!$B:$B,256) -> 9.8788 | C9: =SUMIFS(Queries!$H:$H,Queries!$E:$E,4,Queries!$B:$B,1024) -> 9.944 | D9: =SUMIFS(Queries!$H:$H,Queries!$E:$E,4,Queries!$B:$B,16384) -> 10.1485
A10: Q5 CompressedStore write | B10: =SUMIFS(Queries!$H:$H,Queries!$E:$E,5,Queries!$B:$B,256) -> 33.4047 | C10: =SUMIFS(Queries!$H:$H,Queries!$E:$E,5,Queries!$B:$B,1024) -> 34.5549 | D10: =SUMIFS(Queries!$H:$H,Queries!$E:$E,5,Queries!$B:$B,16384) -> 34.809
A11: Q6 CompressedStore read | B11: =SUMIFS(Queries!$H:$H,Queries!$E:$E,6,Queries!$B:$B,256) -> 9.8696 | C11: =SUMIFS(Queries!$H:$H,Queries!$E:$E,6,Queries!$B:$B,1024) -> 10.0526 | D11: =SUMIFS(Queries!$H:$H,Queries!$E:$E,6,Queries!$B:$B,16384) -> 9.8745
A12: Q7 LossyStore lossless write | B12: =SUMIFS(Queries!$H:$H,Queries!$E:$E,7,Queries!$B:$B,256) -> 30.789 | C12: =SUMIFS(Queries!$H:$H,Queries!$E:$E,7,Queries!$B:$B,1024) -> 31.7301 | D12: =SUMIFS(Queries!$H:$H,Queries!$E:$E,7,Queries!$B:$B,16384) -> 32.5692
A13: Q8 LossyStore lossless read | B13: =SUMIFS(Queries!$H:$H,Queries!$E:$E,8,Queries!$B:$B,256) -> 9.9757 | C13: =SUMIFS(Queries!$H:$H,Queries!$E:$E,8,Queries!$B:$B,1024) -> 9.9231 | D13: =SUMIFS(Queries!$H:$H,Queries!$E:$E,8,Queries!$B:$B,16384) -> 10.1539
A14: Q9 LossyStore 1% write | B14: =SUMIFS(Queries!$H:$H,Queries!$E:$E,9,Queries!$B:$B,256) -> 30.791 | C14: =SUMIFS(Queries!$H:$H,Queries!$E:$E,9,Queries!$B:$B,1024) -> 30.8547 | D14: =SUMIFS(Queries!$H:$H,Queries!$E:$E,9,Queries!$B:$B,16384) -> 31.556
A15: Q10 LossyStore 1% read | B15: =SUMIFS(Queries!$H:$H,Queries!$E:$E,10,Queries!$B:$B,256) -> 9.9663 | C15: =SUMIFS(Queries!$H:$H,Queries!$E:$E,10,Queries!$B:$B,1024) -> 9.9551 | D15: =SUMIFS(Queries!$H:$H,Queries!$E:$E,10,Queries!$B:$B,16384) -> 10.3767
A38: WHAT THIS SHOWS | B38: Every query in the test file, timed on its own. The three groups are the two store-free scans, the four writes (SELECT ... INTO ... REPLAYABLE), and the four read-backs (SELECT ... FOR EVENT_TIME AS OF TIMESTAMP ALL).
A39: WHAT TO LOOK FOR | B39: Writes are 27-34 s and reads are 9-11 s, so a read-back costs about a third of a write. The write path carries the CSV parse and the read path does not -- ReplaySource calls store->read and nothing else, formatted Native, so no CSV is touched on a read.
A41: SPREAD: slowest repeat minus fastest
A42: Taken as sec_max so the column can be compared against the median above; a difference between two queries means nothing unless it exceeds this.
A43: Query | B43: 256 KB | C43: 1024 KB | D43: 16384 KB
A44: Q1 normal query, 4 cols | B44: =SUMIFS(Queries!$J:$J,Queries!$E:$E,1,Queries!$B:$B,256) -> 21.8027 | C44: =SUMIFS(Queries!$J:$J,Queries!$E:$E,1,Queries!$B:$B,1024) -> 22.4588 | D44: =SUMIFS(Queries!$J:$J,Queries!$E:$E,1,Queries!$B:$B,16384) -> 22.2192
A45: Q2 normal query, 1 col | B45: =SUMIFS(Queries!$J:$J,Queries!$E:$E,2,Queries!$B:$B,256) -> 20.8408 | C45: =SUMIFS(Queries!$J:$J,Queries!$E:$E,2,Queries!$B:$B,1024) -> 21.2782 | D45: =SUMIFS(Queries!$J:$J,Queries!$E:$E,2,Queries!$B:$B,16384) -> 22.0205
A46: Q3 FileStore write | B46: =SUMIFS(Queries!$J:$J,Queries!$E:$E,3,Queries!$B:$B,256) -> 27.8275 | C46: =SUMIFS(Queries!$J:$J,Queries!$E:$E,3,Queries!$B:$B,1024) -> 27.8787 | D46: =SUMIFS(Queries!$J:$J,Queries!$E:$E,3,Queries!$B:$B,16384) -> 27.6933
A47: Q4 FileStore read | B47: =SUMIFS(Queries!$J:$J,Queries!$E:$E,4,Queries!$B:$B,256) -> 10.0758 | C47: =SUMIFS(Queries!$J:$J,Queries!$E:$E,4,Queries!$B:$B,1024) -> 10.1974 | D47: =SUMIFS(Queries!$J:$J,Queries!$E:$E,4,Queries!$B:$B,16384) -> 10.1536
A48: Q5 CompressedStore write | B48: =SUMIFS(Queries!$J:$J,Queries!$E:$E,5,Queries!$B:$B,256) -> 33.769 | C48: =SUMIFS(Queries!$J:$J,Queries!$E:$E,5,Queries!$B:$B,1024) -> 35.4838 | D48: =SUMIFS(Queries!$J:$J,Queries!$E:$E,5,Queries!$B:$B,16384) -> 35.5959
A49: Q6 CompressedStore read | B49: =SUMIFS(Queries!$J:$J,Queries!$E:$E,6,Queries!$B:$B,256) -> 9.9502 | C49: =SUMIFS(Queries!$J:$J,Queries!$E:$E,6,Queries!$B:$B,1024) -> 10.1954 | D49: =SUMIFS(Queries!$J:$J,Queries!$E:$E,6,Queries!$B:$B,16384) -> 9.9974
A50: Q7 LossyStore lossless write | B50: =SUMIFS(Queries!$J:$J,Queries!$E:$E,7,Queries!$B:$B,256) -> 31.3929 | C50: =SUMIFS(Queries!$J:$J,Queries!$E:$E,7,Queries!$B:$B,1024) -> 31.9992 | D50: =SUMIFS(Queries!$J:$J,Queries!$E:$E,7,Queries!$B:$B,16384) -> 33.4945
A51: Q8 LossyStore lossless read | B51: =SUMIFS(Queries!$J:$J,Queries!$E:$E,8,Queries!$B:$B,256) -> 10.2325 | C51: =SUMIFS(Queries!$J:$J,Queries!$E:$E,8,Queries!$B:$B,1024) -> 9.9617 | D51: =SUMIFS(Queries!$J:$J,Queries!$E:$E,8,Queries!$B:$B,16384) -> 11.9464
A52: Q9 LossyStore 1% write | B52: =SUMIFS(Queries!$J:$J,Queries!$E:$E,9,Queries!$B:$B,256) -> 31.9041 | C52: =SUMIFS(Queries!$J:$J,Queries!$E:$E,9,Queries!$B:$B,1024) -> 31.4903 | D52: =SUMIFS(Queries!$J:$J,Queries!$E:$E,9,Queries!$B:$B,16384) -> 32.2589
A53: Q10 LossyStore 1% read | B53: =SUMIFS(Queries!$J:$J,Queries!$E:$E,10,Queries!$B:$B,256) -> 9.9754 | C53: =SUMIFS(Queries!$J:$J,Queries!$E:$E,10,Queries!$B:$B,1024) -> 10.2217 | D53: =SUMIFS(Queries!$J:$J,Queries!$E:$E,10,Queries!$B:$B,16384) -> 10.8092
A76: WHAT THIS SHOWS | B76: The slowest of the repeats for each query, against the median in the first table.
A77: WHAT TO LOOK FOR | B77: Compare the gap between any two read-backs against the gap between a query's own median and its slowest repeat. Where the second is larger, the first is not a result.

Sheet Throughput
A1: Throughput, per query
A2: Rows per second is the only basis all ten queries share: a replay read takes its rows from the store and never touches the CSV, so a CSV rate for it is undefined rather than zero.
A4: MILLION ROWS PER SECOND
A5: Query | B5: 256 KB | C5: 1024 KB | D5: 16384 KB
A6: Q1 normal query, 4 cols | B6: =SUMIFS(Queries!$P:$P,Queries!$E:$E,1,Queries!$B:$B,256)/1000000 -> 2.0431209 | C6: =SUMIFS(Queries!$P:$P,Queries!$E:$E,1,Queries!$B:$B,1024)/1000000 -> 1.995868 | D6: =SUMIFS(Queries!$P:$P,Queries!$E:$E,1,Queries!$B:$B,16384)/1000000 -> 1.9816592
A7: Q2 normal query, 1 col | B7: =SUMIFS(Queries!$P:$P,Queries!$E:$E,2,Queries!$B:$B,256)/1000000 -> 2.0820331 | C7: =SUMIFS(Queries!$P:$P,Queries!$E:$E,2,Queries!$B:$B,1024)/1000000 -> 2.018588 | D7: =SUMIFS(Queries!$P:$P,Queries!$E:$E,2,Queries!$B:$B,16384)/1000000 -> 2.0298246
A8: Q3 FileStore write | B8: =SUMIFS(Queries!$P:$P,Queries!$E:$E,3,Queries!$B:$B,256)/1000000 -> 1.5638792 | C8: =SUMIFS(Queries!$P:$P,Queries!$E:$E,3,Queries!$B:$B,1024)/1000000 -> 1.5761867 | D8: =SUMIFS(Queries!$P:$P,Queries!$E:$E,3,Queries!$B:$B,16384)/1000000 -> 1.5621399
A9: Q4 FileStore read | B9: =SUMIFS(Queries!$P:$P,Queries!$E:$E,4,Queries!$B:$B,256)/1000000 -> 4.3223698 | C9: =SUMIFS(Queries!$P:$P,Queries!$E:$E,4,Queries!$B:$B,1024)/1000000 -> 4.2940337 | D9: =SUMIFS(Queries!$P:$P,Queries!$E:$E,4,Queries!$B:$B,16384)/1000000 -> 4.2075184
A10: Q5 CompressedStore write | B10: =SUMIFS(Queries!$P:$P,Queries!$E:$E,5,Queries!$B:$B,256)/1000000 -> 1.2782632 | C10: =SUMIFS(Queries!$P:$P,Queries!$E:$E,5,Queries!$B:$B,1024)/1000000 -> 1.2357148 | D10: =SUMIFS(Queries!$P:$P,Queries!$E:$E,5,Queries!$B:$B,16384)/1000000 -> 1.2266942
A11: Q6 CompressedStore read | B11: =SUMIFS(Queries!$P:$P,Queries!$E:$E,6,Queries!$B:$B,256)/1000000 -> 4.3264209 | C11: =SUMIFS(Queries!$P:$P,Queries!$E:$E,6,Queries!$B:$B,1024)/1000000 -> 4.2476573 | D11: =SUMIFS(Queries!$P:$P,Queries!$E:$E,6,Queries!$B:$B,16384)/1000000 -> 4.3242521
A12: Q7 LossyStore lossless write | B12: =SUMIFS(Queries!$P:$P,Queries!$E:$E,7,Queries!$B:$B,256)/1000000 -> 1.3868589 | C12: =SUMIFS(Queries!$P:$P,Queries!$E:$E,7,Queries!$B:$B,1024)/1000000 -> 1.3457254 | D12: =SUMIFS(Queries!$P:$P,Queries!$E:$E,7,Queries!$B:$B,16384)/1000000 -> 1.3110546
A13: Q8 LossyStore lossless read | B13: =SUMIFS(Queries!$P:$P,Queries!$E:$E,8,Queries!$B:$B,256)/1000000 -> 4.2804142 | C13: =SUMIFS(Queries!$P:$P,Queries!$E:$E,8,Queries!$B:$B,1024)/1000000 -> 4.3030908 | D13: =SUMIFS(Queries!$P:$P,Queries!$E:$E,8,Queries!$B:$B,16384)/1000000 -> 4.2052807
A14: Q9 LossyStore 1% write | B14: =SUMIFS(Queries!$P:$P,Queries!$E:$E,9,Queries!$B:$B,256)/1000000 -> 1.3867689 | C14: =SUMIFS(Queries!$P:$P,Queries!$E:$E,9,Queries!$B:$B,1024)/1000000 -> 1.3839059 | D14: =SUMIFS(Queries!$P:$P,Queries!$E:$E,9,Queries!$B:$B,16384)/1000000 -> 1.35315
A15: Q10 LossyStore 1% read | B15: =SUMIFS(Queries!$P:$P,Queries!$E:$E,10,Queries!$B:$B,256)/1000000 -> 4.2844429 | C15: =SUMIFS(Queries!$P:$P,Queries!$E:$E,10,Queries!$B:$B,1024)/1000000 -> 4.2892372 | D15: =SUMIFS(Queries!$P:$P,Queries!$E:$E,10,Queries!$B:$B,16384)/1000000 -> 4.1149884
A38: WHAT THIS SHOWS | B38: The same measurements as a rate, over 42,700,000 rows.
A39: WHAT TO LOOK FOR | B39: Reads run at about 4 Mrow/s and writes at 1.2-1.6. The two store-free scans sit at ~2 Mrow/s, which is the engine's own ceiling on this query shape -- the project's DEBS.test benchmark reaches 2.00 Mrow/s on the identical scan.
A41: MB PER SECOND, over stored bytes
A42: 1,195,600,000 B of stored rows over the time above. For the CSV-reading queries the CSV-bytes rate is in the Queries sheet as mb_per_s_csv.
A43: Query | B43: 256 KB | C43: 1024 KB | D43: 16384 KB
A44: Q1 normal query, 4 cols | B44: =SUMIFS(Queries!$Q:$Q,Queries!$E:$E,1,Queries!$B:$B,256) -> 57.207 | C44: =SUMIFS(Queries!$Q:$Q,Queries!$E:$E,1,Queries!$B:$B,1024) -> 55.884 | D44: =SUMIFS(Queries!$Q:$Q,Queries!$E:$E,1,Queries!$B:$B,16384) -> 55.486
A45: Q2 normal query, 1 col | B45: =SUMIFS(Queries!$Q:$Q,Queries!$E:$E,2,Queries!$B:$B,256) -> 58.297 | C45: =SUMIFS(Queries!$Q:$Q,Queries!$E:$E,2,Queries!$B:$B,1024) -> 56.52 | D45: =SUMIFS(Queries!$Q:$Q,Queries!$E:$E,2,Queries!$B:$B,16384) -> 56.835
A46: Q3 FileStore write | B46: =SUMIFS(Queries!$Q:$Q,Queries!$E:$E,3,Queries!$B:$B,256) -> 43.789 | C46: =SUMIFS(Queries!$Q:$Q,Queries!$E:$E,3,Queries!$B:$B,1024) -> 44.133 | D46: =SUMIFS(Queries!$Q:$Q,Queries!$E:$E,3,Queries!$B:$B,16384) -> 43.74
A47: Q4 FileStore read | B47: =SUMIFS(Queries!$Q:$Q,Queries!$E:$E,4,Queries!$B:$B,256) -> 121.026 | C47: =SUMIFS(Queries!$Q:$Q,Queries!$E:$E,4,Queries!$B:$B,1024) -> 120.233 | D47: =SUMIFS(Queries!$Q:$Q,Queries!$E:$E,4,Queries!$B:$B,16384) -> 117.811
A48: Q5 CompressedStore write | B48: =SUMIFS(Queries!$Q:$Q,Queries!$E:$E,5,Queries!$B:$B,256) -> 35.791 | C48: =SUMIFS(Queries!$Q:$Q,Queries!$E:$E,5,Queries!$B:$B,1024) -> 34.6 | D48: =SUMIFS(Queries!$Q:$Q,Queries!$E:$E,5,Queries!$B:$B,16384) -> 34.347
A49: Q6 CompressedStore read | B49: =SUMIFS(Queries!$Q:$Q,Queries!$E:$E,6,Queries!$B:$B,256) -> 121.14 | C49: =SUMIFS(Queries!$Q:$Q,Queries!$E:$E,6,Queries!$B:$B,1024) -> 118.934 | D49: =SUMIFS(Queries!$Q:$Q,Queries!$E:$E,6,Queries!$B:$B,16384) -> 121.079
A50: Q7 LossyStore lossless write | B50: =SUMIFS(Queries!$Q:$Q,Queries!$E:$E,7,Queries!$B:$B,256) -> 38.832 | C50: =SUMIFS(Queries!$Q:$Q,Queries!$E:$E,7,Queries!$B:$B,1024) -> 37.68 | D50: =SUMIFS(Queries!$Q:$Q,Queries!$E:$E,7,Queries!$B:$B,16384) -> 36.71
A51: Q8 LossyStore lossless read | B51: =SUMIFS(Queries!$Q:$Q,Queries!$E:$E,8,Queries!$B:$B,256) -> 119.852 | C51: =SUMIFS(Queries!$Q:$Q,Queries!$E:$E,8,Queries!$B:$B,1024) -> 120.487 | D51: =SUMIFS(Queries!$Q:$Q,Queries!$E:$E,8,Queries!$B:$B,16384) -> 117.748
A52: Q9 LossyStore 1% write | B52: =SUMIFS(Queries!$Q:$Q,Queries!$E:$E,9,Queries!$B:$B,256) -> 38.83 | C52: =SUMIFS(Queries!$Q:$Q,Queries!$E:$E,9,Queries!$B:$B,1024) -> 38.749 | D52: =SUMIFS(Queries!$Q:$Q,Queries!$E:$E,9,Queries!$B:$B,16384) -> 37.888
A53: Q10 LossyStore 1% read | B53: =SUMIFS(Queries!$Q:$Q,Queries!$E:$E,10,Queries!$B:$B,256) -> 119.964 | C53: =SUMIFS(Queries!$Q:$Q,Queries!$E:$E,10,Queries!$B:$B,1024) -> 120.099 | D53: =SUMIFS(Queries!$Q:$Q,Queries!$E:$E,10,Queries!$B:$B,16384) -> 115.22
A76: WHAT THIS SHOWS | B76: Stored bytes per second. Stored, not CSV: 42,700,000 rows x 28 B.
A77: WHAT TO LOOK FOR | B77: The row width is 28 and not 24 because the sources are NULLABLE -- four columns, each carrying a one-byte indicator. Four of every 28 stored bytes are a constant zero.

Sheet Stages
A1: Stage decomposition
A2: Each row is one query, or one query minus another. The subtraction is named by the queries, never by a codec operation.
A4: SECONDS PER STAGE
A5: The stage names come from decompose.py and are kept verbatim so a cell can be traced back to the CSV. The four '+ ...' read rows are query differences, not measured decode times.
A6: Stage | B6: 256 KB | C6: 1024 KB | D6: 16384 KB
A7: write: CSV read + parse + sink (= normal query) | B7: =SUMIFS(Stages!$D:$D,Stages!$C:$C,"write: CSV read + parse + sink (= normal query)",Stages!$B:$B,256) -> 0 | C7: =SUMIFS(Stages!$D:$D,Stages!$C:$C,"write: CSV read + parse + sink (= normal query)",Stages!$B:$B,1024) -> 0 | D7: =SUMIFS(Stages!$D:$D,Stages!$C:$C,"write: CSV read + parse + sink (= normal query)",Stages!$B:$B,16384) -> 0
A8: write: store write, no codec | B8: =SUMIFS(Stages!$D:$D,Stages!$C:$C,"write: store write, no codec",Stages!$B:$B,256) -> 0 | C8: =SUMIFS(Stages!$D:$D,Stages!$C:$C,"write: store write, no codec",Stages!$B:$B,1024) -> 0 | D8: =SUMIFS(Stages!$D:$D,Stages!$C:$C,"write: store write, no codec",Stages!$B:$B,16384) -> 0
A9: write: + zstd encode | B9: =SUMIFS(Stages!$D:$D,Stages!$C:$C,"write: + zstd encode",Stages!$B:$B,256) -> 0 | C9: =SUMIFS(Stages!$D:$D,Stages!$C:$C,"write: + zstd encode",Stages!$B:$B,1024) -> 0 | D9: =SUMIFS(Stages!$D:$D,Stages!$C:$C,"write: + zstd encode",Stages!$B:$B,16384) -> 0
A10: write: + bitpack encode | B10: =SUMIFS(Stages!$D:$D,Stages!$C:$C,"write: + bitpack encode",Stages!$B:$B,256) -> 0 | C10: =SUMIFS(Stages!$D:$D,Stages!$C:$C,"write: + bitpack encode",Stages!$B:$B,1024) -> 0 | D10: =SUMIFS(Stages!$D:$D,Stages!$C:$C,"write: + bitpack encode",Stages!$B:$B,16384) -> 0
A11: write: + quantise+bitpack+zstd | B11: =SUMIFS(Stages!$D:$D,Stages!$C:$C,"write: + quantise+bitpack+zstd",Stages!$B:$B,256) -> 0 | C11: =SUMIFS(Stages!$D:$D,Stages!$C:$C,"write: + quantise+bitpack+zstd",Stages!$B:$B,1024) -> 0 | D11: =SUMIFS(Stages!$D:$D,Stages!$C:$C,"write: + quantise+bitpack+zstd",Stages!$B:$B,16384) -> 0
A12: read: store read floor, no codec | B12: =SUMIFS(Stages!$D:$D,Stages!$C:$C,"read: store read floor, no codec",Stages!$B:$B,256) -> 0 | C12: =SUMIFS(Stages!$D:$D,Stages!$C:$C,"read: store read floor, no codec",Stages!$B:$B,1024) -> 0 | D12: =SUMIFS(Stages!$D:$D,Stages!$C:$C,"read: store read floor, no codec",Stages!$B:$B,16384) -> 0
A13: read: + zstd decode | B13: =SUMIFS(Stages!$D:$D,Stages!$C:$C,"read: + zstd decode",Stages!$B:$B,256) -> 0 | C13: =SUMIFS(Stages!$D:$D,Stages!$C:$C,"read: + zstd decode",Stages!$B:$B,1024) -> 0 | D13: =SUMIFS(Stages!$D:$D,Stages!$C:$C,"read: + zstd decode",Stages!$B:$B,16384) -> 0
A14: read: + bitpack decode | B14: =SUMIFS(Stages!$D:$D,Stages!$C:$C,"read: + bitpack decode",Stages!$B:$B,256) -> 0 | C14: =SUMIFS(Stages!$D:$D,Stages!$C:$C,"read: + bitpack decode",Stages!$B:$B,1024) -> 0 | D14: =SUMIFS(Stages!$D:$D,Stages!$C:$C,"read: + bitpack decode",Stages!$B:$B,16384) -> 0
A15: read: + full lossy decode | B15: =SUMIFS(Stages!$D:$D,Stages!$C:$C,"read: + full lossy decode",Stages!$B:$B,256) -> 0 | C15: =SUMIFS(Stages!$D:$D,Stages!$C:$C,"read: + full lossy decode",Stages!$B:$B,1024) -> 0 | D15: =SUMIFS(Stages!$D:$D,Stages!$C:$C,"read: + full lossy decode",Stages!$B:$B,16384) -> 0
A38: WHAT THIS SHOWS | B38: The write path broken into the normal query, the store write with no codec in it, and each codec configuration minus the FileStore write. The read path is the FileStore read-back and each other read-back minus it.
A39: WHAT TO LOOK FOR | B39: The CSV parse is about three quarters of a write query and the store write about a quarter. On the read side the four '+ decode' rows come out at or below zero: the compressed read-backs finish SOONER than the raw one. That is not a negative decode time, it is a statement about two queries -- and partly about FileStore's read path, which issues one pread per destination buffer where the compressed stores serve slices of a unit already in memory.

Sheet Comparisons
A1: Query minus query
A2: NOT CODEC STEP TIMES. Each cell is one whole query minus another, so it holds the codec AND every other difference between the two.
A4: SECONDS
A5: Pair | B5: 256 KB | C5: 1024 KB | D5: 16384 KB
A6: Q3 - Q1 FileStore write vs normal query, 4 cols | B6: =SUMIFS(Queries!$H:$H,Queries!$E:$E,3,Queries!$B:$B,256)-SUMIFS(Queries!$H:$H,Queries!$E:$E,1,Queries!$B:$B,256) -> 6.4045 | C6: =SUMIFS(Queries!$H:$H,Queries!$E:$E,3,Queries!$B:$B,1024)-SUMIFS(Queries!$H:$H,Queries!$E:$E,1,Queries!$B:$B,1024) -> 5.6965 | D6: =SUMIFS(Queries!$H:$H,Queries!$E:$E,3,Queries!$B:$B,16384)-SUMIFS(Queries!$H:$H,Queries!$E:$E,1,Queries!$B:$B,16384) -> 5.7867
A7: Q5 - Q3 CompressedStore write vs FileStore write | B7: =SUMIFS(Queries!$H:$H,Queries!$E:$E,5,Queries!$B:$B,256)-SUMIFS(Queries!$H:$H,Queries!$E:$E,3,Queries!$B:$B,256) -> 6.1008 | C7: =SUMIFS(Queries!$H:$H,Queries!$E:$E,5,Queries!$B:$B,1024)-SUMIFS(Queries!$H:$H,Queries!$E:$E,3,Queries!$B:$B,1024) -> 7.4642 | D7: =SUMIFS(Queries!$H:$H,Queries!$E:$E,5,Queries!$B:$B,16384)-SUMIFS(Queries!$H:$H,Queries!$E:$E,3,Queries!$B:$B,16384) -> 7.4747
A8: Q7 - Q3 LossyStore lossless write vs FileStore write | B8: =SUMIFS(Queries!$H:$H,Queries!$E:$E,7,Queries!$B:$B,256)-SUMIFS(Queries!$H:$H,Queries!$E:$E,3,Queries!$B:$B,256) -> 3.4851 | C8: =SUMIFS(Queries!$H:$H,Queries!$E:$E,7,Queries!$B:$B,1024)-SUMIFS(Queries!$H:$H,Queries!$E:$E,3,Queries!$B:$B,1024) -> 4.6394 | D8: =SUMIFS(Queries!$H:$H,Queries!$E:$E,7,Queries!$B:$B,16384)-SUMIFS(Queries!$H:$H,Queries!$E:$E,3,Queries!$B:$B,16384) -> 5.2349
A9: Q9 - Q3 LossyStore 1% write vs FileStore write | B9: =SUMIFS(Queries!$H:$H,Queries!$E:$E,9,Queries!$B:$B,256)-SUMIFS(Queries!$H:$H,Queries!$E:$E,3,Queries!$B:$B,256) -> 3.4871 | C9: =SUMIFS(Queries!$H:$H,Queries!$E:$E,9,Queries!$B:$B,1024)-SUMIFS(Queries!$H:$H,Queries!$E:$E,3,Queries!$B:$B,1024) -> 3.764 | D9: =SUMIFS(Queries!$H:$H,Queries!$E:$E,9,Queries!$B:$B,16384)-SUMIFS(Queries!$H:$H,Queries!$E:$E,3,Queries!$B:$B,16384) -> 4.2217
A10: Q6 - Q4 CompressedStore read vs FileStore read | B10: =SUMIFS(Queries!$H:$H,Queries!$E:$E,6,Queries!$B:$B,256)-SUMIFS(Queries!$H:$H,Queries!$E:$E,4,Queries!$B:$B,256) -> -0.0092 | C10: =SUMIFS(Queries!$H:$H,Queries!$E:$E,6,Queries!$B:$B,1024)-SUMIFS(Queries!$H:$H,Queries!$E:$E,4,Queries!$B:$B,1024) -> 0.1086 | D10: =SUMIFS(Queries!$H:$H,Queries!$E:$E,6,Queries!$B:$B,16384)-SUMIFS(Queries!$H:$H,Queries!$E:$E,4,Queries!$B:$B,16384) -> -0.274
A11: Q8 - Q4 LossyStore lossless read vs FileStore read | B11: =SUMIFS(Queries!$H:$H,Queries!$E:$E,8,Queries!$B:$B,256)-SUMIFS(Queries!$H:$H,Queries!$E:$E,4,Queries!$B:$B,256) -> 0.0969 | C11: =SUMIFS(Queries!$H:$H,Queries!$E:$E,8,Queries!$B:$B,1024)-SUMIFS(Queries!$H:$H,Queries!$E:$E,4,Queries!$B:$B,1024) -> -0.0209 | D11: =SUMIFS(Queries!$H:$H,Queries!$E:$E,8,Queries!$B:$B,16384)-SUMIFS(Queries!$H:$H,Queries!$E:$E,4,Queries!$B:$B,16384) -> 0.0054
A12: Q10 - Q4 LossyStore 1% read vs FileStore read | B12: =SUMIFS(Queries!$H:$H,Queries!$E:$E,10,Queries!$B:$B,256)-SUMIFS(Queries!$H:$H,Queries!$E:$E,4,Queries!$B:$B,256) -> 0.0875 | C12: =SUMIFS(Queries!$H:$H,Queries!$E:$E,10,Queries!$B:$B,1024)-SUMIFS(Queries!$H:$H,Queries!$E:$E,4,Queries!$B:$B,1024) -> 0.0111 | D12: =SUMIFS(Queries!$H:$H,Queries!$E:$E,10,Queries!$B:$B,16384)-SUMIFS(Queries!$H:$H,Queries!$E:$E,4,Queries!$B:$B,16384) -> 0.2282
A35: WHAT THIS SHOWS | B35: Each store's write against the FileStore write, and each store's read against the FileStore read. Q3-Q1 is the FileStore write against a query with no store at all.
A36: WHAT TO LOOK FOR | B36: The read rows are NEGATIVE across the board: a compressed read-back finishes sooner than the raw one. Two things contribute and this measurement cannot separate them -- fewer bytes to pull off the disk, and FileStore's own read path, which preads once per destination buffer while the compressed stores slice a unit already in memory.

Sheet Bytes
A1: What each store put on disk
A2: Deterministic and build-independent: these reproduce solar_standalone.csv digit for digit, across four independent runs.
A4: BYTES ON DISK
A5: Query | B5: 256 KB | C5: 1024 KB | D5: 16384 KB
A6: FileStore | B6: =SUMIFS(Queries!$S:$S,Queries!$E:$E,3,Queries!$B:$B,256) -> 1195928436 | C6: =SUMIFS(Queries!$S:$S,Queries!$E:$E,3,Queries!$B:$B,1024) -> 1195682676 | D6: =SUMIFS(Queries!$S:$S,Queries!$E:$E,3,Queries!$B:$B,16384) -> 1195605876
A7: CompressedStore | B7: =SUMIFS(Queries!$S:$S,Queries!$E:$E,5,Queries!$B:$B,256) -> 724616220 | C7: =SUMIFS(Queries!$S:$S,Queries!$E:$E,5,Queries!$B:$B,1024) -> 723908636 | D7: =SUMIFS(Queries!$S:$S,Queries!$E:$E,5,Queries!$B:$B,16384) -> 723748236
A8: LossyStore lossless | B8: =SUMIFS(Queries!$S:$S,Queries!$E:$E,7,Queries!$B:$B,256) -> 643275922 | C8: =SUMIFS(Queries!$S:$S,Queries!$E:$E,7,Queries!$B:$B,1024) -> 640065281 | D8: =SUMIFS(Queries!$S:$S,Queries!$E:$E,7,Queries!$B:$B,16384) -> 651555712
A9: LossyStore 1% | B9: =SUMIFS(Queries!$S:$S,Queries!$E:$E,9,Queries!$B:$B,256) -> 374923574 | C9: =SUMIFS(Queries!$S:$S,Queries!$E:$E,9,Queries!$B:$B,1024) -> 385519644 | D9: =SUMIFS(Queries!$S:$S,Queries!$E:$E,9,Queries!$B:$B,16384) -> 402276030
A32: WHAT THIS SHOWS | B32: The file size each write query left behind, framing included.
A33: WHAT TO LOOK FOR | B33: FileStore holds 1,195,928,436 B -- 42,700,000 x 28 plus 328 KB of framing -- which is the check that capacity did not prune. Materially less and the read-backs were not replaying the same rows.
A35: COMPRESSION RATIO
A36: Query | B36: 256 KB | C36: 1024 KB | D36: 16384 KB
A37: FileStore | B37: =SUMIFS(Queries!$T:$T,Queries!$E:$E,3,Queries!$B:$B,256) -> 0.9997 | C37: =SUMIFS(Queries!$T:$T,Queries!$E:$E,3,Queries!$B:$B,1024) -> 0.9999 | D37: =SUMIFS(Queries!$T:$T,Queries!$E:$E,3,Queries!$B:$B,16384) -> 1
A38: CompressedStore | B38: =SUMIFS(Queries!$T:$T,Queries!$E:$E,5,Queries!$B:$B,256) -> 1.65 | C38: =SUMIFS(Queries!$T:$T,Queries!$E:$E,5,Queries!$B:$B,1024) -> 1.6516 | D38: =SUMIFS(Queries!$T:$T,Queries!$E:$E,5,Queries!$B:$B,16384) -> 1.652
A39: LossyStore lossless | B39: =SUMIFS(Queries!$T:$T,Queries!$E:$E,7,Queries!$B:$B,256) -> 1.8586 | C39: =SUMIFS(Queries!$T:$T,Queries!$E:$E,7,Queries!$B:$B,1024) -> 1.8679 | D39: =SUMIFS(Queries!$T:$T,Queries!$E:$E,7,Queries!$B:$B,16384) -> 1.835
A40: LossyStore 1% | B40: =SUMIFS(Queries!$T:$T,Queries!$E:$E,9,Queries!$B:$B,256) -> 3.1889 | C40: =SUMIFS(Queries!$T:$T,Queries!$E:$E,9,Queries!$B:$B,1024) -> 3.1013 | D40: =SUMIFS(Queries!$T:$T,Queries!$E:$E,9,Queries!$B:$B,16384) -> 2.9721
A63: WHAT THIS SHOWS | B63: Stored bytes divided by bytes on disk.
A64: WHAT TO LOOK FOR | B64: FileStore reads 0.9997 and not 1.000: it stores rows raw, so the shortfall is its framing. The ratios are flattered by the nullable schema -- four of every 28 stored bytes are a constant-zero null indicator, which the bitpacker reduces to width 0.
